{
  "L": "zh",
  "attack": "uni_l",
  "threshold": 0.9,
  "ran_full": true,
  "clean_acc": {
    "en": 0.859,
    "zh": 0.914
  },
  "baseline_acc": {
    "en": 0.72,
    "zh": 0.403
  },
  "baseline_asr": {
    "en": 0.017,
    "zh": 0.584
  },
  "defense": {
    "en": {
      "acc": 0.685,
      "asr": 0.03,
      "baseline_acc": 0.72,
      "baseline_asr": 0.017
    },
    "zh": {
      "acc": 0.656,
      "asr": 0.245,
      "baseline_acc": 0.403,
      "baseline_asr": 0.584
    },
    "mean_acc": 0.6705000000000001
  },
  "clean_deg": {
    "en": {
      "baseline_acc": 0.859,
      "masked_acc": 0.779,
      "delta_acc": -0.07999999999999996
    },
    "zh": {
      "baseline_acc": 0.914,
      "masked_acc": 0.855,
      "delta_acc": -0.05900000000000005
    }
  },
  "coverage": 0.11602598852040816,
  "mean_acc": 0.6705000000000001,
  "mean_clean_delta": -0.0695,
  "cost": 4
}