{
  "L": "zh",
  "attack": "uni_l",
  "threshold": 0.95,
  "tune_mean_acc": 0.635,
  "sane": true,
  "ran_full": true,
  "clean_acc": {
    "en": 0.859,
    "zh": 0.914
  },
  "baseline_acc": {
    "en": 0.723,
    "zh": 0.396
  },
  "baseline_asr": {
    "en": 0.016,
    "zh": 0.588
  },
  "cost": 4,
  "defense": {
    "en": {
      "acc": 0.725,
      "asr": 0.024,
      "baseline_acc": 0.723,
      "baseline_asr": 0.016
    },
    "zh": {
      "acc": 0.635,
      "asr": 0.255,
      "baseline_acc": 0.396,
      "baseline_asr": 0.588
    },
    "mean_acc": 0.6799999999999999
  },
  "clean_deg": {
    "en": {
      "baseline_acc": 0.859,
      "masked_acc": 0.837,
      "delta_acc": -0.02200000000000002
    },
    "zh": {
      "baseline_acc": 0.914,
      "masked_acc": 0.907,
      "delta_acc": -0.007000000000000006
    }
  },
  "coverage": 0.06580646125637755,
  "mean_acc": 0.6799999999999999,
  "mean_clean_delta": -0.014500000000000013
}