{
  "L": "zh",
  "attack": "uni_en",
  "threshold": 0.95,
  "ran_full": true,
  "clean_acc": {
    "en": 0.859,
    "zh": 0.914
  },
  "baseline_acc": {
    "en": 0.038,
    "zh": 0.248
  },
  "baseline_asr": {
    "en": 0.962,
    "zh": 0.743
  },
  "defense": {
    "en": {
      "acc": 0.536,
      "asr": 0.264,
      "baseline_acc": 0.038,
      "baseline_asr": 0.962
    },
    "zh": {
      "acc": 0.668,
      "asr": 0.175,
      "baseline_acc": 0.248,
      "baseline_asr": 0.743
    },
    "mean_acc": 0.6020000000000001
  },
  "clean_deg": {
    "en": {
      "baseline_acc": 0.859,
      "masked_acc": 0.837,
      "delta_acc": -0.02200000000000002
    },
    "zh": {
      "baseline_acc": 0.914,
      "masked_acc": 0.907,
      "delta_acc": -0.007000000000000006
    }
  },
  "coverage": 0.07628876355229591,
  "mean_acc": 0.6020000000000001,
  "mean_clean_delta": -0.014500000000000013,
  "cost": 4
}