{
  "L": "ja",
  "attack": "uni_en",
  "threshold": 0.95,
  "threshold_free": 0.9,
  "ran_full": true,
  "clean_acc": {
    "en": 0.859,
    "ja": 0.925
  },
  "baseline_acc": {
    "en": 0.038,
    "ja": 0.032
  },
  "baseline_asr": {
    "en": 0.962,
    "ja": 0.968
  },
  "defense": {
    "en": {
      "acc": 0.664,
      "asr": 0.088,
      "baseline_acc": 0.038,
      "baseline_asr": 0.962
    },
    "ja": {
      "acc": 0.782,
      "asr": 0.09,
      "baseline_acc": 0.032,
      "baseline_asr": 0.968
    },
    "mean_acc": 0.7230000000000001
  },
  "clean_deg": {
    "en": {
      "baseline_acc": 0.859,
      "masked_acc": 0.723,
      "delta_acc": -0.136
    },
    "ja": {
      "baseline_acc": 0.925,
      "masked_acc": 0.831,
      "delta_acc": -0.09400000000000008
    }
  },
  "coverage": 0.07013586176658163,
  "mean_acc": 0.7230000000000001,
  "mean_clean_delta": -0.11500000000000005,
  "cost": 4
}