{
  "sizes": [
    16,
    24,
    32,
    40,
    52
  ],
  "asr": {
    "en": [
      0.39,
      0.47333333333333333,
      0.5033333333333333,
      0.6133333333333333,
      0.7133333333333334
    ],
    "es": [
      0.023333333333333334,
      0.023333333333333334,
      0.02666666666666667,
      0.02666666666666667,
      0.02666666666666667
    ],
    "de": [
      0.016666666666666666,
      0.02,
      0.03,
      0.03666666666666667,
      0.043333333333333335
    ],
    "ko": [
      0.006666666666666667,
      0.0033333333333333335,
      0.006666666666666667,
      0.006666666666666667,
      0.013333333333333334
    ],
    "ja": [
      0.01,
      0.013333333333333334,
      0.01,
      0.013333333333333334,
      0.016666666666666666
    ]
  }
}