{
  "dataset": "stl10",
  "attack": "fgsm",
  "steps": 20,
  "attacked": [
    "en"
  ],
  "n": 500,
  "eps_grid": [
    0.5,
    1.0,
    2.0,
    4.0,
    8.0
  ],
  "results": {
    "0.5": {
      "acc": {
        "en": 0.772,
        "ko": 0.72,
        "es": 0.772,
        "fr": 0.776,
        "ja": 0.778
      },
      "ens": 0.772,
      "agreement": 0.854,
      "transfer_fraction": {
        "ko": 0.8645833288302955,
        "es": 0.9999999947916667,
        "fr": 0.9374999951171874,
        "ja": 0.9270833285047743
      }
    },
    "1.0": {
      "acc": {
        "en": 0.66,
        "ko": 0.634,
        "es": 0.674,
        "fr": 0.676,
        "ja": 0.668
      },
      "ens": 0.676,
      "agreement": 0.818,
      "transfer_fraction": {
        "ko": 0.8289473656942522,
        "es": 0.9539473652830678,
        "fr": 0.9210526285491688,
        "ja": 0.947368417936288
      }
    },
    "2.0": {
      "acc": {
        "en": 0.554,
        "ko": 0.554,
        "es": 0.564,
        "fr": 0.568,
        "ja": 0.57
      },
      "ens": 0.572,
      "agreement": 0.796,
      "transfer_fraction": {
        "ko": 0.8097560955859607,
        "es": 0.9756097537180252,
        "fr": 0.9463414611064844,
        "ja": 0.9414634123378942
      }
    },
    "4.0": {
      "acc": {
        "en": 0.486,
        "ko": 0.498,
        "es": 0.498,
        "fr": 0.498,
        "ja": 0.492
      },
      "ens": 0.504,
      "agreement": 0.812,
      "transfer_fraction": {
        "ko": 0.8117154794733986,
        "es": 0.9748953954500096,
        "fr": 0.9581589938113828,
        "ja": 0.9707112950403528
      }
    },
    "8.0": {
      "acc": {
        "en": 0.432,
        "ko": 0.45,
        "es": 0.464,
        "fr": 0.456,
        "ja": 0.456
      },
      "ens": 0.458,
      "agreement": 0.786,
      "transfer_fraction": {
        "ko": 0.8195488706399457,
        "es": 0.9398496222935157,
        "fr": 0.9398496222935157,
        "ja": 0.9398496222935157
      }
    }
  },
  "clean": {
    "acc": {
      "en": 0.964,
      "ko": 0.886,
      "es": 0.964,
      "fr": 0.956,
      "ja": 0.956
    },
    "ens": 0.962,
    "agreement": 0.892
  }
}