{
  "dataset": "stl10",
  "attack": "pgd",
  "steps": 20,
  "attacked": [
    "en"
  ],
  "n": 1000,
  "eps_grid": [
    2,
    4,
    8,
    16
  ],
  "results": {
    "2": {
      "acc": {
        "en": 0.002,
        "ko": 0.01,
        "es": 0.006,
        "fr": 0.005,
        "ja": 0.005
      },
      "ens": 0.004,
      "agreement": 0.936,
      "transfer_fraction": {
        "ko": 0.9139004139897299,
        "es": 0.9979253101681272,
        "fr": 0.9937759325790706,
        "ja": 0.9937759325790706
      }
    },
    "4": {
      "acc": {
        "en": 0.0,
        "ko": 0.0,
        "es": 0.0,
        "fr": 0.0,
        "ja": 0.0
      },
      "ens": 0.0,
      "agreement": 0.955,
      "transfer_fraction": {
        "ko": 0.9223602474923808,
        "es": 1.0020703923374013,
        "fr": 0.9968944089059064,
        "ja": 0.9968944089059064
      }
    },
    "8": {
      "acc": {
        "en": 0.0,
        "ko": 0.0,
        "es": 0.0,
        "fr": 0.0,
        "ja": 0.0
      },
      "ens": 0.0,
      "agreement": 0.943,
      "transfer_fraction": {
        "ko": 0.9223602474923808,
        "es": 1.0020703923374013,
        "fr": 0.9968944089059064,
        "ja": 0.9968944089059064
      }
    },
    "16": {
      "acc": {
        "en": 0.0,
        "ko": 0.0,
        "es": 0.0,
        "fr": 0.0,
        "ja": 0.0
      },
      "ens": 0.0,
      "agreement": 0.937,
      "transfer_fraction": {
        "ko": 0.9223602474923808,
        "es": 1.0020703923374013,
        "fr": 0.9968944089059064,
        "ja": 0.9968944089059064
      }
    }
  },
  "clean": {
    "acc": {
      "en": 0.966,
      "ko": 0.891,
      "es": 0.968,
      "fr": 0.963,
      "ja": 0.963
    },
    "ens": 0.965,
    "agreement": 0.899
  }
}