{
  "dataset": "cifar10",
  "attack": "pgd",
  "steps": 20,
  "attacked": [
    "en"
  ],
  "n": 1000,
  "eps_grid": [
    2,
    4,
    8,
    16
  ],
  "results": {
    "2": {
      "acc": {
        "en": 0.001,
        "ko": 0.001,
        "es": 0.001,
        "fr": 0.001,
        "ja": 0.001
      },
      "ens": 0.001,
      "agreement": 0.934,
      "transfer_fraction": {
        "ko": 0.9006410246788022,
        "es": 1.005341879267797,
        "fr": 1.0074786314022663,
        "ja": 0.9989316228643893
      }
    },
    "4": {
      "acc": {
        "en": 0.0,
        "ko": 0.0,
        "es": 0.0,
        "fr": 0.0,
        "ja": 0.0
      },
      "ens": 0.0,
      "agreement": 0.949,
      "transfer_fraction": {
        "ko": 0.9007470641400778,
        "es": 1.0053361782226935,
        "fr": 1.0074706499386652,
        "ja": 0.9989327630747783
      }
    },
    "8": {
      "acc": {
        "en": 0.0,
        "ko": 0.0,
        "es": 0.0,
        "fr": 0.0,
        "ja": 0.0
      },
      "ens": 0.0,
      "agreement": 0.936,
      "transfer_fraction": {
        "ko": 0.9007470641400778,
        "es": 1.0053361782226935,
        "fr": 1.0074706499386652,
        "ja": 0.9989327630747783
      }
    },
    "16": {
      "acc": {
        "en": 0.0,
        "ko": 0.0,
        "es": 0.0,
        "fr": 0.0,
        "ja": 0.0
      },
      "ens": 0.0,
      "agreement": 0.914,
      "transfer_fraction": {
        "ko": 0.9007470641400778,
        "es": 1.0053361782226935,
        "fr": 1.0074706499386652,
        "ja": 0.9989327630747783
      }
    }
  },
  "clean": {
    "acc": {
      "en": 0.937,
      "ko": 0.844,
      "es": 0.942,
      "fr": 0.944,
      "ja": 0.936
    },
    "ens": 0.944,
    "agreement": 0.851
  }
}