{
  "dataset": "cifar10",
  "attack": "pgd",
  "steps": 40,
  "attacked": [
    "en"
  ],
  "n": 1000,
  "eps_grid": [
    0.25,
    0.5,
    1.0,
    2.0,
    4.0
  ],
  "results": {
    "0.25": {
      "acc": {
        "en": 0.12,
        "ko": 0.159,
        "es": 0.148,
        "fr": 0.139,
        "ja": 0.139
      },
      "ens": 0.141,
      "agreement": 0.835,
      "transfer_fraction": {
        "ko": 0.8384332915074255,
        "es": 0.9718482240246654,
        "fr": 0.9853121162970475,
        "ja": 0.9755201946444061
      }
    },
    "0.5": {
      "acc": {
        "en": 0.019,
        "ko": 0.031,
        "es": 0.032,
        "fr": 0.028,
        "ja": 0.025
      },
      "ens": 0.027,
      "agreement": 0.888,
      "transfer_fraction": {
        "ko": 0.885620914067951,
        "es": 0.9912854019702773,
        "fr": 0.9978213496755758,
        "ja": 0.9923747265878271
      }
    },
    "1.0": {
      "acc": {
        "en": 0.001,
        "ko": 0.003,
        "es": 0.004,
        "fr": 0.003,
        "ja": 0.002
      },
      "ens": 0.002,
      "agreement": 0.926,
      "transfer_fraction": {
        "ko": 0.898504272544333,
        "es": 1.0021367510660932,
        "fr": 1.005341879267797,
        "ja": 0.9978632467971547
      }
    },
    "2.0": {
      "acc": {
        "en": 0.0,
        "ko": 0.0,
        "es": 0.0,
        "fr": 0.0,
        "ja": 0.0
      },
      "ens": 0.0,
      "agreement": 0.924,
      "transfer_fraction": {
        "ko": 0.9007470641400778,
        "es": 1.0053361782226935,
        "fr": 1.0074706499386652,
        "ja": 0.9989327630747783
      }
    },
    "4.0": {
      "acc": {
        "en": 0.0,
        "ko": 0.0,
        "es": 0.0,
        "fr": 0.0,
        "ja": 0.0
      },
      "ens": 0.0,
      "agreement": 0.943,
      "transfer_fraction": {
        "ko": 0.9007470641400778,
        "es": 1.0053361782226935,
        "fr": 1.0074706499386652,
        "ja": 0.9989327630747783
      }
    }
  },
  "clean": {
    "acc": {
      "en": 0.937,
      "ko": 0.844,
      "es": 0.942,
      "fr": 0.944,
      "ja": 0.936
    },
    "ens": 0.944,
    "agreement": 0.851
  }
}