{
  "clean_acc": {
    "en": 0.96,
    "ko": 0.8766666666666667,
    "es": 0.9666666666666667,
    "fr": 0.9566666666666667,
    "ja": 0.9533333333333334
  },
  "asr": {
    "en->en": 0.5533333333333333,
    "en->ko": 0.51,
    "en->es": 0.41,
    "en->fr": 0.3566666666666667,
    "en->ja": 0.49,
    "ko->en": 0.006666666666666667,
    "ko->ko": 0.016666666666666666,
    "ko->es": 0.01,
    "ko->fr": 0.01,
    "ko->ja": 0.016666666666666666,
    "es->en": 0.03,
    "es->ko": 0.03666666666666667,
    "es->es": 0.05,
    "es->fr": 0.02666666666666667,
    "es->ja": 0.02,
    "fr->en": 0.04,
    "fr->ko": 0.04,
    "fr->es": 0.04,
    "fr->fr": 0.05333333333333334,
    "fr->ja": 0.03,
    "ja->en": 0.013333333333333334,
    "ja->ko": 0.023333333333333334,
    "ja->es": 0.016666666666666666,
    "ja->fr": 0.02,
    "ja->ja": 0.016666666666666666
  },
  "same_lang_asr": 0.13800000000000004,
  "cross_lang_asr": 0.10733333333333332,
  "strongest_attacker": "en",
  "n": 300
}