{
  "L": "ko",
  "attack": "multi",
  "threshold": 0.95,
  "threshold_free": 0.85,
  "ran_full": true,
  "clean_acc": {
    "en": 0.859,
    "ko": 0.896
  },
  "baseline_acc": {
    "en": 0.035,
    "ko": 0.123
  },
  "baseline_asr": {
    "en": 0.964,
    "ko": 0.874
  },
  "defense": {
    "en": {
      "acc": 0.654,
      "asr": 0.034,
      "baseline_acc": 0.035,
      "baseline_asr": 0.964
    },
    "ko": {
      "acc": 0.744,
      "asr": 0.035,
      "baseline_acc": 0.123,
      "baseline_asr": 0.874
    },
    "mean_acc": 0.6990000000000001
  },
  "clean_deg": {
    "en": {
      "baseline_acc": 0.859,
      "masked_acc": 0.738,
      "delta_acc": -0.121
    },
    "ko": {
      "baseline_acc": 0.896,
      "masked_acc": 0.792,
      "delta_acc": -0.10399999999999998
    }
  },
  "coverage": 0.09023112643494899,
  "mean_acc": 0.6990000000000001,
  "mean_clean_delta": -0.11249999999999999,
  "cost": 4
}