{
  "L": "zh",
  "attack": "multi",
  "threshold": 0.9,
  "ran_full": true,
  "clean_acc": {
    "en": 0.859,
    "zh": 0.914
  },
  "baseline_acc": {
    "en": 0.045,
    "zh": 0.064
  },
  "baseline_asr": {
    "en": 0.953,
    "zh": 0.936
  },
  "defense": {
    "en": {
      "acc": 0.675,
      "asr": 0.034,
      "baseline_acc": 0.045,
      "baseline_asr": 0.953
    },
    "zh": {
      "acc": 0.759,
      "asr": 0.04,
      "baseline_acc": 0.064,
      "baseline_asr": 0.936
    },
    "mean_acc": 0.7170000000000001
  },
  "clean_deg": {
    "en": {
      "baseline_acc": 0.859,
      "masked_acc": 0.779,
      "delta_acc": -0.07999999999999996
    },
    "zh": {
      "baseline_acc": 0.914,
      "masked_acc": 0.855,
      "delta_acc": -0.05900000000000005
    }
  },
  "coverage": 0.1618452447385204,
  "mean_acc": 0.7170000000000001,
  "mean_clean_delta": -0.0695,
  "cost": 4
}