{
  "L": "ko",
  "attack": "uni_l",
  "threshold": 0.95,
  "ran_full": true,
  "clean_acc": {
    "en": 0.859,
    "ko": 0.896
  },
  "baseline_acc": {
    "en": 0.7,
    "ko": 0.782
  },
  "baseline_asr": {
    "en": 0.025,
    "ko": 0.02
  },
  "defense": {
    "en": {
      "acc": 0.645,
      "asr": 0.021,
      "baseline_acc": 0.7,
      "baseline_asr": 0.025
    },
    "ko": {
      "acc": 0.723,
      "asr": 0.028,
      "baseline_acc": 0.782,
      "baseline_asr": 0.02
    },
    "mean_acc": 0.6839999999999999
  },
  "clean_deg": {
    "en": {
      "baseline_acc": 0.859,
      "masked_acc": 0.738,
      "delta_acc": -0.121
    },
    "ko": {
      "baseline_acc": 0.896,
      "masked_acc": 0.792,
      "delta_acc": -0.10399999999999998
    }
  },
  "coverage": 0.09126106106505102,
  "mean_acc": 0.6839999999999999,
  "mean_clean_delta": -0.11249999999999999,
  "cost": 4
}