{
  "langs": [
    "en",
    "zh",
    "ko",
    "ja"
  ],
  "classes": {
    "en": [
      "airplane",
      "automobile",
      "bird",
      "cat",
      "deer",
      "dog",
      "frog",
      "horse",
      "ship",
      "truck"
    ],
    "zh": [
      "飞机",
      "汽车",
      "鸟",
      "猫",
      "鹿",
      "狗",
      "青蛙",
      "马",
      "船",
      "卡车"
    ],
    "ko": [
      "비행기",
      "자동차",
      "새",
      "고양이",
      "사슴",
      "개",
      "개구리",
      "말",
      "배",
      "트럭"
    ],
    "ja": [
      "飛行機",
      "自動車",
      "鳥",
      "猫",
      "鹿",
      "犬",
      "カエル",
      "馬",
      "船",
      "トラック"
    ]
  },
  "n_images": 1000,
  "clean_acc": {
    "en": 0.842,
    "zh": 0.927,
    "ko": 0.877,
    "ja": 0.932
  },
  "acc_matrix": [
    [
      0.046,
      0.365,
      0.156,
      0.083
    ],
    [
      0.792,
      0.583,
      0.845,
      0.902
    ],
    [
      0.819,
      0.894,
      0.861,
      0.911
    ],
    [
      0.782,
      0.698,
      0.835,
      0.899
    ]
  ],
  "asr_matrix": [
    [
      0.952,
      0.621,
      0.839,
      0.916
    ],
    [
      0.019,
      0.377,
      0.015,
      0.014
    ],
    [
      0.022,
      0.017,
      0.009,
      0.012
    ],
    [
      0.02,
      0.236,
      0.019,
      0.014
    ]
  ],
  "best_attack_per_model": {
    "en": "en",
    "zh": "en",
    "ko": "en",
    "ja": "en"
  },
  "per_class_acc": {
    "en": {
      "en": [
        0.00980392156862745,
        0.0,
        0.08695652173913043,
        0.0,
        0.08035714285714286,
        0.0,
        0.045454545454545456,
        0.2,
        0.038461538461538464,
        0.0425531914893617
      ],
      "zh": [
        0.46078431372549017,
        0.4423076923076923,
        0.45652173913043476,
        0.34959349593495936,
        0.26785714285714285,
        0.12871287128712872,
        0.2727272727272727,
        0.4125,
        0.38461538461538464,
        0.5
      ],
      "ko": [
        0.13725490196078433,
        0.3942307692307692,
        0.2608695652173913,
        0.008130081300813009,
        0.25,
        0.0,
        0.14772727272727273,
        0.2625,
        0.038461538461538464,
        0.10638297872340426
      ],
      "ja": [
        0.08823529411764706,
        0.019230769230769232,
        0.14130434782608695,
        0.024390243902439025,
        0.16071428571428573,
        0.0,
        0.20454545454545456,
        0.2,
        0.0,
        0.0425531914893617
      ]
    },
    "zh": {
      "en": [
        0.6372549019607843,
        0.7692307692307693,
        0.8260869565217391,
        0.5934959349593496,
        0.7767857142857143,
        0.8415841584158416,
        0.6363636363636364,
        1.0,
        0.9903846153846154,
        0.925531914893617
      ],
      "zh": [
        0.6862745098039216,
        0.75,
        0.6304347826086957,
        0.5609756097560976,
        0.49107142857142855,
        0.2376237623762376,
        0.3068181818181818,
        0.825,
        0.6538461538461539,
        0.723404255319149
      ],
      "ko": [
        0.8137254901960784,
        0.9807692307692307,
        0.8152173913043478,
        0.7886178861788617,
        0.8214285714285714,
        0.7128712871287128,
        0.7840909090909091,
        0.9875,
        0.9807692307692307,
        0.7872340425531915
      ],
      "ja": [
        0.9215686274509803,
        0.9807692307692307,
        0.8369565217391305,
        0.8292682926829268,
        0.8928571428571429,
        0.9405940594059405,
        0.7386363636363636,
        0.9625,
        1.0,
        0.9148936170212766
      ]
    },
    "ko": {
      "en": [
        0.7941176470588235,
        0.7211538461538461,
        0.7717391304347826,
        0.6097560975609756,
        0.7857142857142857,
        0.8613861386138614,
        0.7727272727272727,
        1.0,
        1.0,
        0.9574468085106383
      ],
      "zh": [
        0.9117647058823529,
        0.9519230769230769,
        0.8586956521739131,
        0.9349593495934959,
        0.8035714285714286,
        0.7722772277227723,
        0.8409090909090909,
        0.925,
        0.9711538461538461,
        0.9680851063829787
      ],
      "ko": [
        0.8627450980392157,
        0.9807692307692307,
        0.782608695652174,
        0.7886178861788617,
        0.875,
        0.7425742574257426,
        0.8295454545454546,
        1.0,
        0.9615384615384616,
        0.8085106382978723
      ],
      "ja": [
        0.9411764705882353,
        0.9519230769230769,
        0.8695652173913043,
        0.8048780487804879,
        0.9017857142857143,
        0.8712871287128713,
        0.8522727272727273,
        0.975,
        1.0,
        0.9680851063829787
      ]
    },
    "ja": {
      "en": [
        0.6176470588235294,
        0.7307692307692307,
        0.8260869565217391,
        0.6178861788617886,
        0.7232142857142857,
        0.8316831683168316,
        0.6818181818181818,
        1.0,
        1.0,
        0.8723404255319149
      ],
      "zh": [
        0.7156862745098039,
        0.7884615384615384,
        0.6630434782608695,
        0.7154471544715447,
        0.6607142857142857,
        0.5445544554455446,
        0.3522727272727273,
        0.8875,
        0.8461538461538461,
        0.7978723404255319
      ],
      "ko": [
        0.8235294117647058,
        0.9807692307692307,
        0.8043478260869565,
        0.7723577235772358,
        0.8035714285714286,
        0.7326732673267327,
        0.7840909090909091,
        1.0,
        0.9807692307692307,
        0.6914893617021277
      ],
      "ja": [
        0.9313725490196079,
        0.9807692307692307,
        0.8478260869565217,
        0.8211382113821138,
        0.9107142857142857,
        0.900990099009901,
        0.7613636363636364,
        0.9625,
        0.9807692307692307,
        0.8936170212765957
      ]
    }
  },
  "per_class_asr": {
    "en": {
      "en": [
        0.9901960784313726,
        0.9903846153846154,
        0.9130434782608695,
        1.0,
        0.9196428571428571,
        1.0,
        0.9431818181818182,
        0.8,
        0.9615384615384616,
        0.9574468085106383
      ],
      "zh": [
        0.5294117647058824,
        0.5192307692307693,
        0.5434782608695652,
        0.6422764227642277,
        0.7053571428571429,
        0.8613861386138614,
        0.7045454545454546,
        0.575,
        0.6057692307692307,
        0.5
      ],
      "ko": [
        0.8627450980392157,
        0.6057692307692307,
        0.7282608695652174,
        0.991869918699187,
        0.7410714285714286,
        1.0,
        0.8295454545454546,
        0.7375,
        0.9615384615384616,
        0.8829787234042553
      ],
      "ja": [
        0.9117647058823529,
        0.9807692307692307,
        0.8586956521739131,
        0.975609756097561,
        0.8392857142857143,
        0.9900990099009901,
        0.7954545454545454,
        0.8,
        1.0,
        0.9574468085106383
      ]
    },
    "zh": {
      "en": [
        0.0392156862745098,
        0.0,
        0.021739130434782608,
        0.04878048780487805,
        0.017857142857142856,
        0.0,
        0.03409090909090909,
        0.0,
        0.009615384615384616,
        0.010638297872340425
      ],
      "zh": [
        0.28431372549019607,
        0.21153846153846154,
        0.34782608695652173,
        0.43089430894308944,
        0.44642857142857145,
        0.6831683168316832,
        0.5795454545454546,
        0.15,
        0.3269230769230769,
        0.26595744680851063
      ],
      "ko": [
        0.0196078431372549,
        0.0,
        0.03260869565217391,
        0.024390243902439025,
        0.017857142857142856,
        0.0,
        0.022727272727272728,
        0.0,
        0.009615384615384616,
        0.02127659574468085
      ],